n_layers,units,dropout,n_segments,val_loss,hidden
3,64,0.15,2,0.023452239111065865,"[64, 64, 64]"
3,128,0.05,2,0.023498646914958954,"[128, 128, 128]"
3,128,0.15,2,0.02402319386601448,"[128, 128, 128]"
2,128,0.15,2,0.024697821587324142,"[128, 128]"
2,128,0.3,2,0.025317039340734482,"[128, 128]"
2,64,0.05,2,0.02577386423945427,"[64, 64]"
2,128,0.05,2,0.02601887658238411,"[128, 128]"
3,128,0.05,8,0.026726009324193,"[128, 128, 128]"
3,64,0.05,4,0.027468247339129448,"[64, 64, 64]"
3,64,0.3,2,0.027899745851755142,"[64, 64, 64]"
3,64,0.05,2,0.028074277564883232,"[64, 64, 64]"
2,32,0.15,2,0.028227921575307846,"[32, 32]"
3,128,0.45,2,0.028718430548906326,"[128, 128, 128]"
3,64,0.15,8,0.029187649488449097,"[64, 64, 64]"
3,128,0.05,4,0.02934287302196026,"[128, 128, 128]"
1,32,0.15,2,0.030387036502361298,[32]
3,128,0.15,4,0.03058977611362934,"[128, 128, 128]"
1,64,0.15,2,0.030665528029203415,[64]
1,128,0.45,2,0.03105439618229866,[128]
1,64,0.3,2,0.031238345429301262,[64]
2,64,0.45,2,0.03147760406136513,"[64, 64]"
3,128,0.3,2,0.03165460005402565,"[128, 128, 128]"
3,128,0.15,8,0.031656697392463684,"[128, 128, 128]"
2,128,0.3,4,0.03167162090539932,"[128, 128]"
2,128,0.05,4,0.03207411617040634,"[128, 128]"
3,128,0.3,8,0.032334569841623306,"[128, 128, 128]"
2,64,0.15,2,0.03250497952103615,"[64, 64]"
3,32,0.15,2,0.03306959569454193,"[32, 32, 32]"
2,32,0.05,2,0.0332070030272007,"[32, 32]"
1,128,0.3,2,0.033406078815460205,[128]
3,32,0.05,2,0.03342095762491226,"[32, 32, 32]"
2,64,0.3,2,0.033657584339380264,"[64, 64]"
3,128,0.3,4,0.033712420612573624,"[128, 128, 128]"
1,128,0.05,2,0.03398066386580467,[128]
3,64,0.15,4,0.034170541912317276,"[64, 64, 64]"
1,32,0.45,2,0.03433617204427719,[32]
3,128,0.05,5,0.0346548855304718,"[128, 128, 128]"
1,64,0.05,2,0.0347728468477726,[64]
3,32,0.15,8,0.034961018711328506,"[32, 32, 32]"
2,128,0.15,4,0.03506627306342125,"[128, 128]"
2,32,0.45,2,0.03512325510382652,"[32, 32]"
3,64,0.05,8,0.03521782159805298,"[64, 64, 64]"
2,128,0.45,2,0.035387758165597916,"[128, 128]"
3,32,0.3,2,0.035494863986968994,"[32, 32, 32]"
1,128,0.15,2,0.035877518355846405,[128]
2,64,0.05,8,0.03589554503560066,"[64, 64]"
3,64,0.3,4,0.03648461028933525,"[64, 64, 64]"
2,128,0.15,6,0.036788735538721085,"[128, 128]"
2,64,0.15,4,0.03730371966958046,"[64, 64]"
2,128,0.05,8,0.03730987012386322,"[128, 128]"
2,64,0.15,5,0.037539198994636536,"[64, 64]"
2,64,0.05,4,0.03771190345287323,"[64, 64]"
3,128,0.45,8,0.03780069574713707,"[128, 128, 128]"
2,32,0.15,8,0.037972237914800644,"[32, 32]"
3,128,0.05,6,0.03812653198838234,"[128, 128, 128]"
2,128,0.45,4,0.038176242262125015,"[128, 128]"
2,64,0.15,8,0.038435712456703186,"[64, 64]"
3,64,0.45,2,0.038586992770433426,"[64, 64, 64]"
3,64,0.3,8,0.03870132192969322,"[64, 64, 64]"
3,128,0.45,4,0.03871053084731102,"[128, 128, 128]"
2,128,0.3,8,0.03887798264622688,"[128, 128]"
2,32,0.05,4,0.03890436887741089,"[32, 32]"
3,32,0.05,4,0.03891684114933014,"[32, 32, 32]"
1,128,0.05,4,0.03959954157471657,[128]
2,64,0.05,5,0.03973131626844406,"[64, 64]"
3,32,0.15,6,0.03979616239666939,"[32, 32, 32]"
2,128,0.15,8,0.04051728919148445,"[128, 128]"
2,32,0.05,5,0.04067689925432205,"[32, 32]"
2,128,0.05,5,0.04086346551775932,"[128, 128]"
2,128,0.15,5,0.04092845320701599,"[128, 128]"
3,32,0.3,8,0.040946174412965775,"[32, 32, 32]"
2,128,0.45,8,0.041011374443769455,"[128, 128]"
2,64,0.15,6,0.04111422970890999,"[64, 64]"
2,128,0.3,6,0.041147056967020035,"[128, 128]"
3,32,0.05,8,0.04138161987066269,"[32, 32, 32]"
2,64,0.05,6,0.04147660359740257,"[64, 64]"
2,64,0.3,8,0.04157077893614769,"[64, 64]"
2,64,0.45,8,0.04174800217151642,"[64, 64]"
3,128,0.3,6,0.04180396348237991,"[128, 128, 128]"
2,32,0.05,6,0.04190186411142349,"[32, 32]"
3,32,0.45,2,0.04193168878555298,"[32, 32, 32]"
2,32,0.3,8,0.04263082519173622,"[32, 32]"
2,64,0.3,4,0.042952533811330795,"[64, 64]"
3,32,0.05,5,0.04348870366811752,"[32, 32, 32]"
2,32,0.3,2,0.0435289703309536,"[32, 32]"
3,64,0.45,8,0.04358261823654175,"[64, 64, 64]"
2,32,0.15,5,0.043737657368183136,"[32, 32]"
3,64,0.15,6,0.04390491917729378,"[64, 64, 64]"
3,64,0.3,6,0.04411672428250313,"[64, 64, 64]"
1,64,0.45,2,0.044257160276174545,[64]
2,128,0.05,6,0.04429449141025543,"[128, 128]"
2,32,0.15,6,0.04441072791814804,"[32, 32]"
1,128,0.05,6,0.044914066791534424,[128]
1,64,0.15,6,0.045178115367889404,[64]
2,32,0.15,4,0.045302633196115494,"[32, 32]"
3,128,0.15,6,0.04563456401228905,"[128, 128, 128]"
2,64,0.3,6,0.045715492218732834,"[64, 64]"
3,32,0.05,6,0.04573404788970947,"[32, 32, 32]"
1,32,0.05,2,0.04575414955615997,[32]
3,64,0.15,5,0.04594042897224426,"[64, 64, 64]"
2,32,0.05,8,0.04640624672174454,"[32, 32]"
2,128,0.45,5,0.04651258513331413,"[128, 128]"
1,128,0.15,4,0.04661139100790024,[128]
3,128,0.3,5,0.046692147850990295,"[128, 128, 128]"
1,32,0.3,2,0.04671690985560417,[32]
2,128,0.3,5,0.04693548008799553,"[128, 128]"
1,128,0.3,4,0.04706309363245964,[128]
3,64,0.3,5,0.04724065959453583,"[64, 64, 64]"
3,64,0.05,5,0.04816966503858566,"[64, 64, 64]"
1,128,0.15,5,0.04859386384487152,[128]
3,32,0.15,4,0.0487874411046505,"[32, 32, 32]"
3,128,0.45,6,0.04878855496644974,"[128, 128, 128]"
3,32,0.3,4,0.0489523783326149,"[32, 32, 32]"
1,64,0.05,4,0.049186740070581436,[64]
2,128,0.45,6,0.04940854385495186,"[128, 128]"
3,64,0.05,6,0.049536969512701035,"[64, 64, 64]"
2,32,0.3,4,0.04957600682973862,"[32, 32]"
1,128,0.3,5,0.04994260519742966,[128]
2,64,0.3,5,0.05026596784591675,"[64, 64]"
1,64,0.3,6,0.05033094063401222,[64]
3,64,0.45,4,0.05046894773840904,"[64, 64, 64]"
3,128,0.15,7,0.050503965467214584,"[128, 128, 128]"
1,128,0.05,8,0.050576094537973404,[128]
1,64,0.15,4,0.0507858581840992,[64]
1,128,0.05,5,0.0508117713034153,[128]
2,64,0.45,4,0.05097673833370209,"[64, 64]"
1,128,0.15,6,0.050986502319574356,[128]
1,32,0.05,6,0.051062390208244324,[32]
3,32,0.45,8,0.0511922761797905,"[32, 32, 32]"
1,128,0.3,6,0.051259465515613556,[128]
3,64,0.45,6,0.05151565000414848,"[64, 64, 64]"
3,128,0.05,7,0.05175841599702835,"[128, 128, 128]"
2,32,0.3,5,0.051779553294181824,"[32, 32]"
3,128,0.15,5,0.05188019573688507,"[128, 128, 128]"
1,128,0.45,4,0.052606821060180664,[128]
3,64,0.3,7,0.052611466497182846,"[64, 64, 64]"
1,128,0.3,8,0.05312395840883255,[128]
2,32,0.3,6,0.05324845388531685,"[32, 32]"
2,64,0.45,6,0.053263112902641296,"[64, 64]"
1,128,0.15,8,0.05339258536696434,[128]
1,128,0.45,6,0.05378928780555725,[128]
3,64,0.05,7,0.05383768677711487,"[64, 64, 64]"
3,128,0.45,7,0.053908172994852066,"[128, 128, 128]"
1,32,0.15,6,0.05426663160324097,[32]
1,64,0.3,4,0.05439605936408043,[64]
3,32,0.15,5,0.05455322936177254,"[32, 32, 32]"
1,64,0.05,5,0.05468645319342613,[64]
1,32,0.15,4,0.05478763207793236,[32]
2,32,0.45,8,0.05507749691605568,"[32, 32]"
1,32,0.05,4,0.055577412247657776,[32]
1,64,0.15,8,0.055804114788770676,[64]
3,32,0.3,5,0.055973537266254425,"[32, 32, 32]"
2,64,0.45,5,0.05598894879221916,"[64, 64]"
3,128,0.3,7,0.056094493716955185,"[128, 128, 128]"
1,64,0.15,5,0.056186478585004807,[64]
1,64,0.05,6,0.05659876763820648,[64]
1,128,0.45,8,0.05667857825756073,[128]
3,32,0.3,6,0.05699814110994339,"[32, 32, 32]"
3,128,0.45,5,0.05777609348297119,"[128, 128, 128]"
3,32,0.15,7,0.05787377804517746,"[32, 32, 32]"
3,32,0.45,6,0.05797317251563072,"[32, 32, 32]"
1,64,0.45,6,0.058480337262153625,[64]
1,64,0.3,5,0.05857592448592186,[64]
2,128,0.3,7,0.058699849992990494,"[128, 128]"
3,32,0.05,7,0.05921110510826111,"[32, 32, 32]"
1,128,0.45,5,0.05943235754966736,[128]
1,64,0.45,4,0.05951442942023277,[64]
2,32,0.05,7,0.059559423476457596,"[32, 32]"
2,64,0.05,7,0.060247812420129776,"[64, 64]"
2,64,0.3,7,0.060924794524908066,"[64, 64]"
2,32,0.45,5,0.060930285602808,"[32, 32]"
1,32,0.3,6,0.06124412268400192,[32]
2,32,0.45,6,0.0613558329641819,"[32, 32]"
1,64,0.05,8,0.06179748848080635,[64]
1,32,0.3,4,0.06197430193424225,[32]
1,32,0.45,6,0.06221870332956314,[32]
3,64,0.15,7,0.0625125914812088,"[64, 64, 64]"
3,32,0.45,4,0.06258708238601685,"[32, 32, 32]"
2,32,0.15,7,0.06258883327245712,"[32, 32]"
3,64,0.45,5,0.06297498196363449,"[64, 64, 64]"
2,128,0.15,7,0.06299325078725815,"[128, 128]"
1,64,0.3,8,0.0632164478302002,[64]
1,64,0.45,8,0.06400328129529953,[64]
2,128,0.45,7,0.06432628631591797,"[128, 128]"
1,32,0.05,8,0.06444169580936432,[32]
1,32,0.15,8,0.06445629149675369,[32]
1,32,0.15,5,0.06461718678474426,[32]
2,64,0.15,7,0.06501077860593796,"[64, 64]"
1,32,0.05,5,0.06515815854072571,[32]
3,64,0.45,7,0.06519673764705658,"[64, 64, 64]"
2,128,0.05,7,0.06578217446804047,"[128, 128]"
2,32,0.3,7,0.06662804633378983,"[32, 32]"
3,32,0.3,7,0.06702772527933121,"[32, 32, 32]"
3,32,0.45,5,0.06797997653484344,"[32, 32, 32]"
1,32,0.45,4,0.06808816641569138,[32]
2,32,0.45,4,0.06880181282758713,"[32, 32]"
1,64,0.45,5,0.06884326040744781,[64]
2,64,0.45,7,0.0693441852927208,"[64, 64]"
1,128,0.15,7,0.07065589725971222,[128]
1,128,0.3,7,0.07131025195121765,[128]
1,64,0.3,7,0.07172609865665436,[64]
1,32,0.3,5,0.07218332588672638,[32]
1,128,0.05,7,0.07377939671278,[128]
1,32,0.45,5,0.07427868247032166,[32]
1,32,0.3,8,0.07462003082036972,[32]
1,64,0.15,7,0.07529734820127487,[64]
1,128,0.45,7,0.07572560757398605,[128]
1,64,0.45,7,0.0764845758676529,[64]
1,32,0.05,7,0.07780864834785461,[32]
1,64,0.05,7,0.07896485179662704,[64]
3,32,0.45,7,0.08091536909341812,"[32, 32, 32]"
2,32,0.45,7,0.08332014828920364,"[32, 32]"
1,32,0.45,7,0.08341968804597855,[32]
1,32,0.3,7,0.0840803012251854,[32]
1,32,0.15,7,0.08566972613334656,[32]
1,32,0.45,8,0.0928928330540657,[32]
